source,target,relationship,evidence_type,source_note
asset::ilm01_gaia-aβ,company::illimis_therapeutics,OWNED_BY,E3,Scorecard__ILM01_GAIA-Aβ__20260621
asset::ilm01_gaia-aβ,target::aβ_aggregates_with_tam_receptor-mediated_clearance_biology,TARGETS,E3,Scorecard__ILM01_GAIA-Aβ__20260621
asset::ilm01_gaia-aβ,moa::aβ_binder와_engineered_gas6_tam_receptor_binder를_결합해_aβ_aggregates와_tam_1a0a75c6,HAS_MOA,E3,Scorecard__ILM01_GAIA-Aβ__20260621
asset::ilm01_gaia-aβ,modality::biologic_bispecific-like_chimeric_fusion_protein;_gaia_platform,HAS_MODALITY,E3,Scorecard__ILM01_GAIA-Aβ__20260621
asset::ilm01_gaia-aβ,indication::alzheimer's_disease,HAS_INDICATION,E3,Scorecard__ILM01_GAIA-Aβ__20260621
asset::ilm01_gaia-aβ,theme::neuroimmune,MAPS_TO_THEME,E3,Scorecard__ILM01_GAIA-Aβ__20260621
asset::ilm01_gaia-aβ,cluster::교세포_향상성,MAPS_TO_CLUSTER,E3,Scorecard__ILM01_GAIA-Aβ__20260621
asset::ilm01_gaia-aβ,scorecard::ilm01_gaia-aβ_20260621,HAS_SCORECARD,E3,Scorecard__ILM01_GAIA-Aβ__20260621
asset::ilm01_gaia-aβ,competitor::eisai_biogen_leqembi_lecanemab,HAS_COMPETITOR,E3,Scorecard__ILM01_GAIA-Aβ__20260621
asset::ilm01_gaia-aβ,competitor::eli_lilly_kisunla_donanemab,HAS_COMPETITOR,E3,Scorecard__ILM01_GAIA-Aβ__20260621
asset::ilm01_gaia-aβ,competitor::eli_lilly_remternetug_ly3372993,HAS_COMPETITOR,E3,Scorecard__ILM01_GAIA-Aβ__20260621
asset::ilm01_gaia-aβ,competitor::biogen_eisai_historical_program_aduhelm_aducanumab,HAS_COMPETITOR,E3,Scorecard__ILM01_GAIA-Aβ__20260621
asset::ilm01_gaia-aβ,competitor::inmune_bio_xpro1595_xpro,HAS_COMPETITOR,E3,Scorecard__ILM01_GAIA-Aβ__20260621
asset::ilm01_gaia-aβ,competitor::biogen_ionis_diranersen_biib080,HAS_COMPETITOR,E3,Scorecard__ILM01_GAIA-Aβ__20260621
asset::ilm01_gaia-aβ,source::https_illimistx.com_en_sub_platform%26pipeline_pipeline.php,USES_SOURCE,E3,Source__Illimis_official_pipeline_page
scorecard::ilm01_gaia-aβ_20260621,source::https_illimistx.com_en_sub_platform%26pipeline_pipeline.php,SUPPORTS_SCORE,E3,Source__Illimis_official_pipeline_page
asset::ilm01_gaia-aβ,source::https_illimistx.com_en_sub_platform%26pipeline_platform.php,USES_SOURCE,E3,Source__Illimis_official_platform_page
scorecard::ilm01_gaia-aβ_20260621,source::https_illimistx.com_en_sub_platform%26pipeline_platform.php,SUPPORTS_SCORE,E3,Source__Illimis_official_platform_page
asset::ilm01_gaia-aβ,source::https_www.nature.com_articles_s41591-022-01926-9,USES_SOURCE,E3,Source__Nature_Medicine_αAβ-Gas6_paper
scorecard::ilm01_gaia-aβ_20260621,source::https_www.nature.com_articles_s41591-022-01926-9,SUPPORTS_SCORE,E3,Source__Nature_Medicine_αAβ-Gas6_paper
asset::ilm01_gaia-aβ,source::https_pure.kaist.ac.kr_en_publications_anti-inflammatory-clearance-of-a_4ffde966,USES_SOURCE,E3,Source__KAIST_Pure_publication_record
scorecard::ilm01_gaia-aβ_20260621,source::https_pure.kaist.ac.kr_en_publications_anti-inflammatory-clearance-of-a_4ffde966,SUPPORTS_SCORE,E3,Source__KAIST_Pure_publication_record
asset::ilm01_gaia-aβ,source::https_www.illimistx.com_data_poster_illimis_keystone2022.pdf,USES_SOURCE,E3,Source__Illimis_Keystone_2022_poster
scorecard::ilm01_gaia-aβ_20260621,source::https_www.illimistx.com_data_poster_illimis_keystone2022.pdf,SUPPORTS_SCORE,E3,Source__Illimis_Keystone_2022_poster
asset::ilm01_gaia-aβ,source::https_www.biospectator.com_news_view_25729,USES_SOURCE,E3,Source__BioSpectator_Series_B_stage_article
scorecard::ilm01_gaia-aβ_20260621,source::https_www.biospectator.com_news_view_25729,SUPPORTS_SCORE,E3,Source__BioSpectator_Series_B_stage_article
asset::ilm01_gaia-aβ,source::https_www.fda.gov_news-events_press-announcements_fda-converts-novel-al_2dfaf7af,USES_SOURCE,E3,Source__FDA_Leqembi_approval
scorecard::ilm01_gaia-aβ_20260621,source::https_www.fda.gov_news-events_press-announcements_fda-converts-novel-al_2dfaf7af,SUPPORTS_SCORE,E3,Source__FDA_Leqembi_approval
asset::ilm01_gaia-aβ,source::https_www.fda.gov_drugs_news-events-human-drugs_fda-approves-treatment-_abbc72bc,USES_SOURCE,E3,Source__FDA_Kisunla_approval
scorecard::ilm01_gaia-aβ_20260621,source::https_www.fda.gov_drugs_news-events-human-drugs_fda-approves-treatment-_abbc72bc,SUPPORTS_SCORE,E3,Source__FDA_Kisunla_approval
asset::ilm01_gaia-aβ,source::https_trials.lilly.com_en-us_trial_548297,USES_SOURCE,E3,Source__Lilly_Remternetug_Phase_III_trial
scorecard::ilm01_gaia-aβ_20260621,source::https_trials.lilly.com_en-us_trial_548297,SUPPORTS_SCORE,E3,Source__Lilly_Remternetug_Phase_III_trial
asset::ilm01_gaia-aβ,source::https_www.alz.org_alzheimers-dementia_facts-figures,USES_SOURCE,E3,Source__Alzheimer's_Association_2026_Facts_and_Figures
scorecard::ilm01_gaia-aβ_20260621,source::https_www.alz.org_alzheimers-dementia_facts-figures,SUPPORTS_SCORE,E3,Source__Alzheimer's_Association_2026_Facts_and_Figures
asset::ilm01_gaia-aβ,source::https_www.eisai.com_news_2023_news202302.html,USES_SOURCE,E3,Source__Eisai_Leqembi_pricing
scorecard::ilm01_gaia-aβ_20260621,source::https_www.eisai.com_news_2023_news202302.html,SUPPORTS_SCORE,E3,Source__Eisai_Leqembi_pricing
asset::ilm01_gaia-aβ,source::https_www.biopharmadive.com_news_lilly-alzheimers-drug-fda-approval-kis_3067c15c,USES_SOURCE,E3,Source__Kisunla_pricing
scorecard::ilm01_gaia-aβ_20260621,source::https_www.biopharmadive.com_news_lilly-alzheimers-drug-fda-approval-kis_3067c15c,SUPPORTS_SCORE,E3,Source__Kisunla_pricing
asset::ilm01_gaia-aβ,source::https_investors.biogen.com_news-releases_news-release-details_biogen-re_2170daf2,USES_SOURCE,E3,Source__Aduhelm_aducanumab_source
scorecard::ilm01_gaia-aβ_20260621,source::https_investors.biogen.com_news-releases_news-release-details_biogen-re_2170daf2,SUPPORTS_SCORE,E3,Source__Aduhelm_aducanumab_source
asset::ilm01_gaia-aβ,source::https_www.inmunebio.com_index.php_newsroom_2026-news_muneionnounceslign_d59db4fe,USES_SOURCE,E3,Source__XPro1595_XPro_source
scorecard::ilm01_gaia-aβ_20260621,source::https_www.inmunebio.com_index.php_newsroom_2026-news_muneionnounceslign_d59db4fe,SUPPORTS_SCORE,E3,Source__XPro1595_XPro_source
asset::ilm01_gaia-aβ,source::https_investors.biogen.com_news-releases_news-release-details_topline-r_3daa3724,USES_SOURCE,E3,Source__Diranersen_BIIB080_source
scorecard::ilm01_gaia-aβ_20260621,source::https_investors.biogen.com_news-releases_news-release-details_topline-r_3daa3724,SUPPORTS_SCORE,E3,Source__Diranersen_BIIB080_source
asset::ilm01_gaia-aβ,source::https_www.koreabiomed.com_news_articleview.html_idxno=29100,USES_SOURCE,E3,Source__https_www.koreabiomed.com_news_articleView.html_idxno=29100
scorecard::ilm01_gaia-aβ_20260621,source::https_www.koreabiomed.com_news_articleview.html_idxno=29100,SUPPORTS_SCORE,E3,Source__https_www.koreabiomed.com_news_articleView.html_idxno=29100
asset::ilm01_gaia-aβ,source::https_www.mk.co.kr_en_it_11981980,USES_SOURCE,E3,Source__https_www.mk.co.kr_en_it_11981980
scorecard::ilm01_gaia-aβ_20260621,source::https_www.mk.co.kr_en_it_11981980,SUPPORTS_SCORE,E3,Source__https_www.mk.co.kr_en_it_11981980
asset::ilm01_gaia-aβ,source::https_snu.elsevierpure.com_en_publications_eligibility-for-lecanemab-an_9c2ffbd8,USES_SOURCE,E3,Source__https_snu.elsevierpure.com_en_publications_eligibility-for-lecanemab-an_9c2ffbd8
scorecard::ilm01_gaia-aβ_20260621,source::https_snu.elsevierpure.com_en_publications_eligibility-for-lecanemab-an_9c2ffbd8,SUPPORTS_SCORE,E3,Source__https_snu.elsevierpure.com_en_publications_eligibility-for-lecanemab-an_9c2ffbd8
asset::wt-1108,"company::hangzhou_westan_pharmaceutical_technology_co.,_ltd",OWNED_BY,E2,Scorecard__WT-1108__20260621
asset::wt-1108,target::p2x3_receptor_p2rx3,TARGETS,E2,Scorecard__WT-1108__20260621
asset::wt-1108,moa::selective_p2x3_receptor_antagonism_intended_to_reduce_atp-mediated_airw_a0f471fe,HAS_MOA,E2,Scorecard__WT-1108__20260621
asset::wt-1108,modality::oral_small_molecule_tablet;_reportedly_developed_using_westanai+_and_pr_1de450e9,HAS_MODALITY,E2,Scorecard__WT-1108__20260621
asset::wt-1108,indication::refractory_or_unexplained_chronic_cough_(rcc_ucc),HAS_INDICATION,E2,Scorecard__WT-1108__20260621
asset::wt-1108,theme::no_theme,MAPS_TO_THEME,E2,Scorecard__WT-1108__20260621
asset::wt-1108,cluster::no_mapped_skbp_cluster,MAPS_TO_CLUSTER,E2,Scorecard__WT-1108__20260621
asset::wt-1108,scorecard::wt-1108_20260621,HAS_SCORECARD,E2,Scorecard__WT-1108__20260621
asset::wt-1108,competitor::merck_&_co._msd_gefapixant_lyfnua,HAS_COMPETITOR,E2,Scorecard__WT-1108__20260621
asset::wt-1108,competitor::gsk_bellus_health_camlipixant_blu-5937,HAS_COMPETITOR,E2,Scorecard__WT-1108__20260621
asset::wt-1108,competitor::shionogi_sivopixant_s-600918,HAS_COMPETITOR,E2,Scorecard__WT-1108__20260621
asset::wt-1108,competitor::jiangsu_hengrui_guangdong_hengrui_hrs-2261,HAS_COMPETITOR,E2,Scorecard__WT-1108__20260621
asset::wt-1108,competitor::hansoh_pharma_hs-10383,HAS_COMPETITOR,E2,Scorecard__WT-1108__20260621
asset::wt-1108,competitor::createrna_langlai_technology_qr052107b_relicpixant,HAS_COMPETITOR,E2,Scorecard__WT-1108__20260621
asset::wt-1108,source::https_westanpharma.com_products.aspx,USES_SOURCE,E2,Source__Westan_products_page
scorecard::wt-1108_20260621,source::https_westanpharma.com_products.aspx,SUPPORTS_SCORE,E2,Source__Westan_products_page
asset::wt-1108,source::https_www.changbaicao.cn_trialsdetail-id-20793.html,USES_SOURCE,E2,Source__Changbaicao_CTR20254063_trial_page
scorecard::wt-1108_20260621,source::https_www.changbaicao.cn_trialsdetail-id-20793.html,SUPPORTS_SCORE,E2,Source__Changbaicao_CTR20254063_trial_page
asset::wt-1108,source::https_synapse.patsnap.com_drug_0b28edb3230146bca084e523c94678b2,USES_SOURCE,E2,Source__Synapse_WT-1108_drug_page
scorecard::wt-1108_20260621,source::https_synapse.patsnap.com_drug_0b28edb3230146bca084e523c94678b2,SUPPORTS_SCORE,E2,Source__Synapse_WT-1108_drug_page
asset::wt-1108,source::https_pubmed.ncbi.nlm.nih.gov_35248186,USES_SOURCE,E2,Source__Lancet_COUGH-1_COUGH-2_PubMed_record
scorecard::wt-1108_20260621,source::https_pubmed.ncbi.nlm.nih.gov_35248186,SUPPORTS_SCORE,E2,Source__Lancet_COUGH-1_COUGH-2_PubMed_record
asset::wt-1108,source::https_www.gsk.com_en-gb_media_press-releases_gsk-reaches-agreement-to-a_c4beb605,USES_SOURCE,E2,Source__GSK_BELLUS_acquisition_press_release
scorecard::wt-1108_20260621,source::https_www.gsk.com_en-gb_media_press-releases_gsk-reaches-agreement-to-a_c4beb605,SUPPORTS_SCORE,E2,Source__GSK_BELLUS_acquisition_press_release
asset::wt-1108,source::https_www.bioduro-sundia.cn_company-news_westanpharma-ind-approval-p2x3.html,USES_SOURCE,E2,Source__BioDuro-Sundia_PharmCube_WT-1108_IND_article
scorecard::wt-1108_20260621,source::https_www.bioduro-sundia.cn_company-news_westanpharma-ind-approval-p2x3.html,SUPPORTS_SCORE,E2,Source__BioDuro-Sundia_PharmCube_WT-1108_IND_article
asset::wt-1108,source::https_www.delveinsight.com_report-store_chronic-refractory-cough-market,USES_SOURCE,E2,Source__DelveInsight_chronic_refractory_cough_market_page
scorecard::wt-1108_20260621,source::https_www.delveinsight.com_report-store_chronic-refractory-cough-market,SUPPORTS_SCORE,E2,Source__DelveInsight_chronic_refractory_cough_market_page
asset::wt-1108,source::https_www.westanpharma.com,USES_SOURCE,E2,Source__Westan_official_site
scorecard::wt-1108_20260621,source::https_www.westanpharma.com,SUPPORTS_SCORE,E2,Source__Westan_official_site
asset::wt-1108,source::https_www.ema.europa.eu_en_medicines_human_epar_lyfnua,USES_SOURCE,E2,Source__Gefapixant_Lyfnua_source
scorecard::wt-1108_20260621,source::https_www.ema.europa.eu_en_medicines_human_epar_lyfnua,SUPPORTS_SCORE,E2,Source__Gefapixant_Lyfnua_source
asset::wt-1108,source::https_link.springer.com_article_10.1007_s00408-022-00592-5,USES_SOURCE,E2,Source__Sivopixant_S-600918_source
scorecard::wt-1108_20260621,source::https_link.springer.com_article_10.1007_s00408-022-00592-5,SUPPORTS_SCORE,E2,Source__Sivopixant_S-600918_source
asset::wt-1108,source::https_pubmed.ncbi.nlm.nih.gov_38198010,USES_SOURCE,E2,Source__HRS-2261_source
scorecard::wt-1108_20260621,source::https_pubmed.ncbi.nlm.nih.gov_38198010,SUPPORTS_SCORE,E2,Source__HRS-2261_source
asset::wt-1108,source::https_www.hspharm.com_news_news-detail-513247.htm,USES_SOURCE,E2,Source__HS-10383_source
scorecard::wt-1108_20260621,source::https_www.hspharm.com_news_news-detail-513247.htm,SUPPORTS_SCORE,E2,Source__HS-10383_source
asset::wt-1108,source::https_www.prnewswire.com_news-releases_createrna-announces-positive-top_fc58721f,USES_SOURCE,E2,Source__QR052107B_relicpixant_source
scorecard::wt-1108_20260621,source::https_www.prnewswire.com_news-releases_createrna-announces-positive-top_fc58721f,SUPPORTS_SCORE,E2,Source__QR052107B_relicpixant_source
asset::wt-1108,source::https_www.hra.nhs.uk_planning-and-improving-research_application-summar_0bed49ad,USES_SOURCE,E2,Source__HRA_gefapixant_mechanism_summary
scorecard::wt-1108_20260621,source::https_www.hra.nhs.uk_planning-and-improving-research_application-summar_0bed49ad,SUPPORTS_SCORE,E2,Source__HRA_gefapixant_mechanism_summary
asset::wt-1108,source::https_www.merck.com_news_merck-receives-positive-european-union-chmp-op_29185acb,USES_SOURCE,E2,Source__Merck_CHMP_press_release
scorecard::wt-1108_20260621,source::https_www.merck.com_news_merck-receives-positive-european-union-chmp-op_29185acb,SUPPORTS_SCORE,E2,Source__Merck_CHMP_press_release
asset::wt-1108,source::https_www.merck.com_news_merck-provides-u-s-and-japan-regulatory-update_5ebeacc7,USES_SOURCE,E2,Source__Merck_Japan_regulatory_update
scorecard::wt-1108_20260621,source::https_www.merck.com_news_merck-provides-u-s-and-japan-regulatory-update_5ebeacc7,SUPPORTS_SCORE,E2,Source__Merck_Japan_regulatory_update
asset::wt-1108,source::https_link.springer.com_article_10.1007_s00408-022-00553-y,USES_SOURCE,E2,Source__Gefapixant_pooled_Phase_3_analysis
scorecard::wt-1108_20260621,source::https_link.springer.com_article_10.1007_s00408-022-00553-y,SUPPORTS_SCORE,E2,Source__Gefapixant_pooled_Phase_3_analysis
asset::wt-1108,source::https_pubmed.ncbi.nlm.nih.gov_40043302,USES_SOURCE,E2,Source__Camlipixant_Phase_2b_PubMed
scorecard::wt-1108_20260621,source::https_pubmed.ncbi.nlm.nih.gov_40043302,SUPPORTS_SCORE,E2,Source__Camlipixant_Phase_2b_PubMed
asset::wt-1108,source::https_bydrug.pharmcube.com_investgo_company_detail_1b0943a3d0a44519a9d5_4e2ff7d3,USES_SOURCE,E2,Source__ByDrug_Westan_profile
scorecard::wt-1108_20260621,source::https_bydrug.pharmcube.com_investgo_company_detail_1b0943a3d0a44519a9d5_4e2ff7d3,SUPPORTS_SCORE,E2,Source__ByDrug_Westan_profile
asset::wt-1108,source::https_www.zhihuiya.com_news_info_2271.html,USES_SOURCE,E2,Source__Zhihuiya_WT-1108_news
scorecard::wt-1108_20260621,source::https_www.zhihuiya.com_news_info_2271.html,SUPPORTS_SCORE,E2,Source__Zhihuiya_WT-1108_news
asset::wt-1108,source::https_westanpharma.com_aboutus.aspx,USES_SOURCE,E2,Source__Westan_about_page
scorecard::wt-1108_20260621,source::https_westanpharma.com_aboutus.aspx,SUPPORTS_SCORE,E2,Source__Westan_about_page
asset::wt-1108,source::https_finance.sina.com.cn_stock_aigc_ywsygs_2025-10-11_doc-inftnueu7432084.shtml,USES_SOURCE,E2,Source__Sina_WT-1108_Phase_IIa_news
scorecard::wt-1108_20260621,source::https_finance.sina.com.cn_stock_aigc_ywsygs_2025-10-11_doc-inftnueu7432084.shtml,SUPPORTS_SCORE,E2,Source__Sina_WT-1108_Phase_IIa_news
asset::ux-ep001_uxep-001,"company::shanghai_unixell_biotechnology_co.,_ltd",OWNED_BY,E1,Scorecard__UX-EP001_UXEP-001__20260621
asset::ux-ep001_uxep-001,target::undisclosed,TARGETS,E1,Scorecard__UX-EP001_UXEP-001__20260621
asset::ux-ep001_uxep-001,"moa::undisclosed_for_ux-ep001._if_confused_with_ux-gip001,_the_moa_would_be_cf2be7de",HAS_MOA,E1,Scorecard__UX-EP001_UXEP-001__20260621
asset::ux-ep001_uxep-001,"modality::synapse_lists_tcr-t_cell_therapy_for_ux-ep001,_but_this_is_not_corrobor_f837809e",HAS_MODALITY,E1,Scorecard__UX-EP001_UXEP-001__20260621
asset::ux-ep001_uxep-001,indication::epilepsy,HAS_INDICATION,E1,Scorecard__UX-EP001_UXEP-001__20260621
asset::ux-ep001_uxep-001,theme::e_i_balance,MAPS_TO_THEME,E1,Scorecard__UX-EP001_UXEP-001__20260621
asset::ux-ep001_uxep-001,cluster::network_modulation,MAPS_TO_CLUSTER,E1,Scorecard__UX-EP001_UXEP-001__20260621
asset::ux-ep001_uxep-001,scorecard::ux-ep001_uxep-001_20260621,HAS_SCORECARD,E1,Scorecard__UX-EP001_UXEP-001__20260621
asset::ux-ep001_uxep-001,competitor::neurona_therapeutics_ucb_nrtx-1001_rezanecel,HAS_COMPETITOR,E1,Scorecard__UX-EP001_UXEP-001__20260621
asset::ux-ep001_uxep-001,competitor::unixell_biotech_ux-gip001,HAS_COMPETITOR,E1,Scorecard__UX-EP001_UXEP-001__20260621
asset::ux-ep001_uxep-001,competitor::encoded_therapeutics_etx101,HAS_COMPETITOR,E1,Scorecard__UX-EP001_UXEP-001__20260621
asset::ux-ep001_uxep-001,competitor::stoke_therapeutics_biogen_zorevunersen_stk-001,HAS_COMPETITOR,E1,Scorecard__UX-EP001_UXEP-001__20260621
asset::ux-ep001_uxep-001,source::https_synapse.patsnap.com_drug_0f29bad183a3471187fd29db65e62bd7,USES_SOURCE,E1,Source__Synapse_UX-EP001_asset_page
scorecard::ux-ep001_uxep-001_20260621,source::https_synapse.patsnap.com_drug_0f29bad183a3471187fd29db65e62bd7,SUPPORTS_SCORE,E1,Source__Synapse_UX-EP001_asset_page
asset::ux-ep001_uxep-001,source::https_www.unixell.com_en_technologyplatformsandproductpipelines_index.aspx,USES_SOURCE,E1,Source__UniXell_Technology_Platform_and_R&D_pipeline
scorecard::ux-ep001_uxep-001_20260621,source::https_www.unixell.com_en_technologyplatformsandproductpipelines_index.aspx,SUPPORTS_SCORE,E1,Source__UniXell_Technology_Platform_and_R&D_pipeline
asset::ux-ep001_uxep-001,source::https_www.unixell.com_en_companynews_info.aspx_itemid=307,USES_SOURCE,E1,Source__UniXell_UX-GIP001_IND_news
scorecard::ux-ep001_uxep-001_20260621,source::https_www.unixell.com_en_companynews_info.aspx_itemid=307,SUPPORTS_SCORE,E1,Source__UniXell_UX-GIP001_IND_news
asset::ux-ep001_uxep-001,source::https_www.biospace.com_press-releases_unixell-biotech-receives-ind-clea_1d38ec1e,USES_SOURCE,E1,Source__BioSpace_PRNewswire_UX-GIP001_FDA_IND_clearance
scorecard::ux-ep001_uxep-001_20260621,source::https_www.biospace.com_press-releases_unixell-biotech-receives-ind-clea_1d38ec1e,SUPPORTS_SCORE,E1,Source__BioSpace_PRNewswire_UX-GIP001_FDA_IND_clearance
asset::ux-ep001_uxep-001,source::https_www.ucb.com_newsroom_press-releases_article_ucb-to-acquire-neuron_5495d099,USES_SOURCE,E1,Source__UCB_acquisition_of_Neurona
scorecard::ux-ep001_uxep-001_20260621,source::https_www.ucb.com_newsroom_press-releases_article_ucb-to-acquire-neuron_5495d099,SUPPORTS_SCORE,E1,Source__UCB_acquisition_of_Neurona
asset::ux-ep001_uxep-001,source::https_www.unixell.com_en_index.aspx,USES_SOURCE,E1,Source__UniXell_official_website
scorecard::ux-ep001_uxep-001_20260621,source::https_www.unixell.com_en_index.aspx,SUPPORTS_SCORE,E1,Source__UniXell_official_website
asset::ux-ep001_uxep-001,source::https_www.unixell.com_en_aboutthejump_index.aspx,USES_SOURCE,E1,Source__UniXell_About_page
scorecard::ux-ep001_uxep-001_20260621,source::https_www.unixell.com_en_aboutthejump_index.aspx,SUPPORTS_SCORE,E1,Source__UniXell_About_page
asset::ux-ep001_uxep-001,source::https_encoded.com_programs_etx101-for-dravet-syndrome,USES_SOURCE,E1,Source__ETX101_source
scorecard::ux-ep001_uxep-001_20260621,source::https_encoded.com_programs_etx101-for-dravet-syndrome,SUPPORTS_SCORE,E1,Source__ETX101_source
asset::ux-ep001_uxep-001,source::https_pubmed.ncbi.nlm.nih.gov_41780062,USES_SOURCE,E1,Source__Zorevunersen_STK-001_source
scorecard::ux-ep001_uxep-001_20260621,source::https_pubmed.ncbi.nlm.nih.gov_41780062,SUPPORTS_SCORE,E1,Source__Zorevunersen_STK-001_source
asset::ux-ep001_uxep-001,source::https_www.neuronatherapeutics.com_nte001,USES_SOURCE,E1,Source__Neurona_NTE001_study_page
scorecard::ux-ep001_uxep-001_20260621,source::https_www.neuronatherapeutics.com_nte001,SUPPORTS_SCORE,E1,Source__Neurona_NTE001_study_page
asset::ux-ep001_uxep-001,source::https_www.cell.com_cell-stem-cell_fulltext_s1934-5909%2823%2900044-9,USES_SOURCE,E1,Source__SISBAR_Cell_Stem_Cell_paper
scorecard::ux-ep001_uxep-001_20260621,source::https_www.cell.com_cell-stem-cell_fulltext_s1934-5909%2823%2900044-9,SUPPORTS_SCORE,E1,Source__SISBAR_Cell_Stem_Cell_paper
asset::ux-ep001_uxep-001,source::https_www.cell.com_cell-stem-cell_abstract_s1934-5909%2825%2900369-8,USES_SOURCE,E1,Source__SphereDiff_Cell_Stem_Cell_paper
scorecard::ux-ep001_uxep-001_20260621,source::https_www.cell.com_cell-stem-cell_abstract_s1934-5909%2825%2900369-8,SUPPORTS_SCORE,E1,Source__SphereDiff_Cell_Stem_Cell_paper
asset::ux-ep001_uxep-001,source::https_www.innostarbio.com_en_news_693.html,USES_SOURCE,E1,Source__InnoStar_UX-GIP001_FDA_IND_support
scorecard::ux-ep001_uxep-001_20260621,source::https_www.innostarbio.com_en_news_693.html,SUPPORTS_SCORE,E1,Source__InnoStar_UX-GIP001_FDA_IND_support
asset::lnk01006_blkr201,"company::lynk_pharmaceuticals_co.,_ltd",OWNED_BY,E3,Scorecard__LNK01006_BLKR201__20260621
asset::lnk01006_blkr201,target::tyk2,TARGETS,E3,Scorecard__LNK01006_BLKR201__20260621
asset::lnk01006_blkr201,moa::oral_allosteric_tyk2_inhibitor_targeting_the_jh2_pseudokinase_regulator_cc811ca3,HAS_MOA,E3,Scorecard__LNK01006_BLKR201__20260621
asset::lnk01006_blkr201,modality::oral_small_molecule;_cns-penetrant_allosteric_tyk2_inhibitor;_developed_458cb9bc,HAS_MODALITY,E3,Scorecard__LNK01006_BLKR201__20260621
asset::lnk01006_blkr201,indication::phase_1_healthy-volunteer_study;_intended_development_positioning_inclu_d38001b6,HAS_INDICATION,E3,Scorecard__LNK01006_BLKR201__20260621
asset::lnk01006_blkr201,theme::neuroimmune,MAPS_TO_THEME,E3,Scorecard__LNK01006_BLKR201__20260621
asset::lnk01006_blkr201,cluster::cytokine_신경조절,MAPS_TO_CLUSTER,E3,Scorecard__LNK01006_BLKR201__20260621
asset::lnk01006_blkr201,scorecard::lnk01006_blkr201_20260621,HAS_SCORECARD,E3,Scorecard__LNK01006_BLKR201__20260621
asset::lnk01006_blkr201,competitor::neuron23_neu-627,HAS_COMPETITOR,E3,Scorecard__LNK01006_BLKR201__20260621
asset::lnk01006_blkr201,competitor::alumis_a-005,HAS_COMPETITOR,E3,Scorecard__LNK01006_BLKR201__20260621
asset::lnk01006_blkr201,competitor::bristol_myers_squibb_deucravacitinib_sotyktu,HAS_COMPETITOR,E3,Scorecard__LNK01006_BLKR201__20260621
asset::lnk01006_blkr201,competitor::takeda_zasocitinib_tak-279,HAS_COMPETITOR,E3,Scorecard__LNK01006_BLKR201__20260621
asset::lnk01006_blkr201,competitor::roche_fenebrutinib,HAS_COMPETITOR,E3,Scorecard__LNK01006_BLKR201__20260621
asset::lnk01006_blkr201,competitor::sanofi_tolebrutinib,HAS_COMPETITOR,E3,Scorecard__LNK01006_BLKR201__20260621
asset::lnk01006_blkr201,source::https_www.prnewswire.com_apac_news-releases_lynk-pharmaceuticals-announ_9f29a386,USES_SOURCE,E3,Source__Lynk_FDA_IND_announcement
scorecard::lnk01006_blkr201_20260621,source::https_www.prnewswire.com_apac_news-releases_lynk-pharmaceuticals-announ_9f29a386,SUPPORTS_SCORE,E3,Source__Lynk_FDA_IND_announcement
asset::lnk01006_blkr201,source::https_www.formation.bio_press_formation-bio-licenses-phase-1-ready-cns-_be31f330,USES_SOURCE,E3,Source__Formation_Bio_licensing_page
scorecard::lnk01006_blkr201_20260621,source::https_www.formation.bio_press_formation-bio-licenses-phase-1-ready-cns-_be31f330,SUPPORTS_SCORE,E3,Source__Formation_Bio_licensing_page
asset::lnk01006_blkr201,source::https_www.prnewswire.com_news-releases_lynk-pharmaceuticals-and-formati_31aa61aa,USES_SOURCE,E3,Source__Lynk_and_Formation_licensing_agreement
scorecard::lnk01006_blkr201_20260621,source::https_www.prnewswire.com_news-releases_lynk-pharmaceuticals-and-formati_31aa61aa,SUPPORTS_SCORE,E3,Source__Lynk_and_Formation_licensing_agreement
asset::lnk01006_blkr201,source::https_www.prnewswire.com_news-releases_formation-bio-doses-first-partic_a8856057,USES_SOURCE,E3,Source__Formation_first_participant_dosed
scorecard::lnk01006_blkr201_20260621,source::https_www.prnewswire.com_news-releases_formation-bio-doses-first-partic_a8856057,SUPPORTS_SCORE,E3,Source__Formation_first_participant_dosed
asset::lnk01006_blkr201,source::https_clinicaltrials.gov_study_nct07501039,USES_SOURCE,E3,Source__ClinicalTrials.gov_NCT07501039
scorecard::lnk01006_blkr201_20260621,source::https_clinicaltrials.gov_study_nct07501039,SUPPORTS_SCORE,E3,Source__ClinicalTrials.gov_NCT07501039
asset::lnk01006_blkr201,source::https_synapse.patsnap.com_drug_565a5da0689043fb8f26295eeae190fa,USES_SOURCE,E3,Source__Synapse_LNK-01006
scorecard::lnk01006_blkr201_20260621,source::https_synapse.patsnap.com_drug_565a5da0689043fb8f26295eeae190fa,SUPPORTS_SCORE,E3,Source__Synapse_LNK-01006
asset::lnk01006_blkr201,source::https_www.lynkpharma.com,USES_SOURCE,E3,Source__Lynk_official_website
scorecard::lnk01006_blkr201_20260621,source::https_www.lynkpharma.com,SUPPORTS_SCORE,E3,Source__Lynk_official_website
asset::lnk01006_blkr201,source::https_www.pnas.org_doi_10.1073_pnas.2422172122,USES_SOURCE,E3,Source__Central_TYK2_inhibition_PNAS
scorecard::lnk01006_blkr201_20260621,source::https_www.pnas.org_doi_10.1073_pnas.2422172122,SUPPORTS_SCORE,E3,Source__Central_TYK2_inhibition_PNAS
asset::lnk01006_blkr201,source::https_atlasofms.org,USES_SOURCE,E3,Source__Atlas_of_MS
scorecard::lnk01006_blkr201_20260621,source::https_atlasofms.org,SUPPORTS_SCORE,E3,Source__Atlas_of_MS
asset::lnk01006_blkr201,source::https_www.ocrevus.com_patient_cost.html,USES_SOURCE,E3,Source__Ocrevus_pricing
scorecard::lnk01006_blkr201_20260621,source::https_www.ocrevus.com_patient_cost.html,SUPPORTS_SCORE,E3,Source__Ocrevus_pricing
asset::lnk01006_blkr201,source::https_neuron23.com_neuron23-announces-publication-in-pnas-highlighting-_98044a46,USES_SOURCE,E3,Source__NEU-627_source
scorecard::lnk01006_blkr201_20260621,source::https_neuron23.com_neuron23-announces-publication-in-pnas-highlighting-_98044a46,SUPPORTS_SCORE,E3,Source__NEU-627_source
asset::lnk01006_blkr201,source::https_investors.alumis.com_news-releases_news-release-details_alumis-an_5c9ebe89,USES_SOURCE,E3,Source__A-005_source
scorecard::lnk01006_blkr201_20260621,source::https_investors.alumis.com_news-releases_news-release-details_alumis-an_5c9ebe89,SUPPORTS_SCORE,E3,Source__A-005_source
asset::lnk01006_blkr201,source::https_news.bms.com_news_details_2022_u.s.-food-and-drug-administration-_19dd85b7,USES_SOURCE,E3,Source__Deucravacitinib_Sotyktu_source
scorecard::lnk01006_blkr201_20260621,source::https_news.bms.com_news_details_2022_u.s.-food-and-drug-administration-_19dd85b7,SUPPORTS_SCORE,E3,Source__Deucravacitinib_Sotyktu_source
asset::lnk01006_blkr201,source::https_www.takeda.com_newsroom_newsreleases_2026_zasocitinib-outperforms_b6fb7e68,USES_SOURCE,E3,Source__Zasocitinib_TAK-279_source
scorecard::lnk01006_blkr201_20260621,source::https_www.takeda.com_newsroom_newsreleases_2026_zasocitinib-outperforms_b6fb7e68,SUPPORTS_SCORE,E3,Source__Zasocitinib_TAK-279_source
asset::lnk01006_blkr201,source::https_www.roche.com_media_releases_med-cor-2026-04-21c,USES_SOURCE,E3,Source__Fenebrutinib_source
scorecard::lnk01006_blkr201_20260621,source::https_www.roche.com_media_releases_med-cor-2026-04-21c,SUPPORTS_SCORE,E3,Source__Fenebrutinib_source
asset::lnk01006_blkr201,source::https_www.sanofi.com_en_media-room_press-releases_2025_2025-12-15-06-05_61888b0d,USES_SOURCE,E3,Source__Tolebrutinib_source
scorecard::lnk01006_blkr201_20260621,source::https_www.sanofi.com_en_media-room_press-releases_2025_2025-12-15-06-05_61888b0d,SUPPORTS_SCORE,E3,Source__Tolebrutinib_source
asset::small_molecules_to_antagonize_trpm7,company::vivavision_biotech,OWNED_BY,E2,Scorecard__Small_Molecules_to_Antagonize_TRPM7__20260622
asset::small_molecules_to_antagonize_trpm7,target::trpm7,TARGETS,E2,Scorecard__Small_Molecules_to_Antagonize_TRPM7__20260622
asset::small_molecules_to_antagonize_trpm7,moa::trpm7_antagonist_inhibitor;_channel_closed-state_stabilization_is_suppo_2a2e465e,HAS_MOA,E2,Scorecard__Small_Molecules_to_Antagonize_TRPM7__20260622
asset::small_molecules_to_antagonize_trpm7,modality::small_molecule;_exact_compound_and_platform_undisclosed,HAS_MODALITY,E2,Scorecard__Small_Molecules_to_Antagonize_TRPM7__20260622
asset::small_molecules_to_antagonize_trpm7,"indication::market-source_description_includes_oncology,_ophthalmology,_cardiovascu_6b2c47da",HAS_INDICATION,E2,Scorecard__Small_Molecules_to_Antagonize_TRPM7__20260622
asset::small_molecules_to_antagonize_trpm7,theme::e_i_balance,MAPS_TO_THEME,E2,Scorecard__Small_Molecules_to_Antagonize_TRPM7__20260622
asset::small_molecules_to_antagonize_trpm7,cluster::ion_channel,MAPS_TO_CLUSTER,E2,Scorecard__Small_Molecules_to_Antagonize_TRPM7__20260622
asset::small_molecules_to_antagonize_trpm7,scorecard::small_molecules_to_antagonize_trpm7_20260622,HAS_SCORECARD,E2,Scorecard__Small_Molecules_to_Antagonize_TRPM7__20260622
asset::small_molecules_to_antagonize_trpm7,competitor::vivavision_biotech_small_molecules_to_antagonize_trpm7,HAS_COMPETITOR,E2,Scorecard__Small_Molecules_to_Antagonize_TRPM7__20260622
asset::small_molecules_to_antagonize_trpm7,competitor::academic_research_tool_cct128930,HAS_COMPETITOR,E2,Scorecard__Small_Molecules_to_Antagonize_TRPM7__20260622
asset::small_molecules_to_antagonize_trpm7,competitor::academic_ns8593_sduy-225,HAS_COMPETITOR,E2,Scorecard__Small_Molecules_to_Antagonize_TRPM7__20260622
asset::small_molecules_to_antagonize_trpm7,competitor::academic_university_research_vpc01091.4_vpc4,HAS_COMPETITOR,E2,Scorecard__Small_Molecules_to_Antagonize_TRPM7__20260622
asset::small_molecules_to_antagonize_trpm7,competitor::university_of_hawaii_system_academic_natural_product_research_waixenicin_a,HAS_COMPETITOR,E2,Scorecard__Small_Molecules_to_Antagonize_TRPM7__20260622
asset::small_molecules_to_antagonize_trpm7,competitor::vivavision_biotech_vvn539,HAS_COMPETITOR,E2,Scorecard__Small_Molecules_to_Antagonize_TRPM7__20260622
asset::small_molecules_to_antagonize_trpm7,competitor::genentech_roche_and_others;_device_procedure_ecosystem_alteplase_tenect_30f72285,HAS_COMPETITOR,E2,Scorecard__Small_Molecules_to_Antagonize_TRPM7__20260622
asset::small_molecules_to_antagonize_trpm7,source::https_www.vivabioinnovator.com_portfolio_viva-vision,USES_SOURCE,E2,Source__Viva_BioInnovator_portfolio_Viva_Vision
scorecard::small_molecules_to_antagonize_trpm7_20260622,source::https_www.vivabioinnovator.com_portfolio_viva-vision,SUPPORTS_SCORE,E2,Source__Viva_BioInnovator_portfolio_Viva_Vision
asset::small_molecules_to_antagonize_trpm7,source::https_www.vivabiotech.com_news_789.html,USES_SOURCE,E2,Source__VivaVision_Series_D2_financing_and_pipeline_summary
scorecard::small_molecules_to_antagonize_trpm7_20260622,source::https_www.vivabiotech.com_news_789.html,SUPPORTS_SCORE,E2,Source__VivaVision_Series_D2_financing_and_pipeline_summary
asset::small_molecules_to_antagonize_trpm7,source::https_www.marketresearch.com_global-markets-direct-v3480_glaucoma-drugs_f451f4c7,USES_SOURCE,E2,Source__MarketResearch_GlobalData_glaucoma_pipeline_report
scorecard::small_molecules_to_antagonize_trpm7_20260622,source::https_www.marketresearch.com_global-markets-direct-v3480_glaucoma-drugs_f451f4c7,SUPPORTS_SCORE,E2,Source__MarketResearch_GlobalData_glaucoma_pipeline_report
asset::small_molecules_to_antagonize_trpm7,source::https_www.marketresearch.com_global-markets-direct-v3480_stroke-drugs-d_51a7d3b9,USES_SOURCE,E2,Source__MarketResearch_GlobalData_stroke_pipeline_report
scorecard::small_molecules_to_antagonize_trpm7_20260622,source::https_www.marketresearch.com_global-markets-direct-v3480_stroke-drugs-d_51a7d3b9,SUPPORTS_SCORE,E2,Source__MarketResearch_GlobalData_stroke_pipeline_report
asset::small_molecules_to_antagonize_trpm7,source::https_www.ncbi.nlm.nih.gov_gene_54822,USES_SOURCE,E2,Source__NCBI_Gene_TRPM7
scorecard::small_molecules_to_antagonize_trpm7_20260622,source::https_www.ncbi.nlm.nih.gov_gene_54822,SUPPORTS_SCORE,E2,Source__NCBI_Gene_TRPM7
asset::small_molecules_to_antagonize_trpm7,source::https_www.nature.com_articles_s41467-023-38362-3,USES_SOURCE,E2,Source__Structural_mechanisms_of_TRPM7_activation_and_inhibition
scorecard::small_molecules_to_antagonize_trpm7_20260622,source::https_www.nature.com_articles_s41467-023-38362-3,SUPPORTS_SCORE,E2,Source__Structural_mechanisms_of_TRPM7_activation_and_inhibition
asset::small_molecules_to_antagonize_trpm7,source::https_link.springer.com_article_10.1186_s12974-024-03292-4,USES_SOURCE,E2,Source__TRPM7_contributes_to_pyroptosis_and_status_epilepticus
scorecard::small_molecules_to_antagonize_trpm7_20260622,source::https_link.springer.com_article_10.1186_s12974-024-03292-4,SUPPORTS_SCORE,E2,Source__TRPM7_contributes_to_pyroptosis_and_status_epilepticus
asset::small_molecules_to_antagonize_trpm7,source::https_www.vivavisionbio.com_en,USES_SOURCE,E2,Source__VivaVision_official_website
scorecard::small_molecules_to_antagonize_trpm7_20260622,source::https_www.vivavisionbio.com_en,SUPPORTS_SCORE,E2,Source__VivaVision_official_website
asset::small_molecules_to_antagonize_trpm7,source::https_www.vivabioinnovator.com_news_vvn539-a-dual-target-innovative-dru_6bd2c1f0,USES_SOURCE,E2,Source__VVN539_Phase_II_announcement
scorecard::small_molecules_to_antagonize_trpm7_20260622,source::https_www.vivabioinnovator.com_news_vvn539-a-dual-target-innovative-dru_6bd2c1f0,SUPPORTS_SCORE,E2,Source__VVN539_Phase_II_announcement
asset::small_molecules_to_antagonize_trpm7,source::https_pubmed.ncbi.nlm.nih.gov_38192683,USES_SOURCE,E2,Source__VVN539_Phase_2_publication
scorecard::small_molecules_to_antagonize_trpm7_20260622,source::https_pubmed.ncbi.nlm.nih.gov_38192683,SUPPORTS_SCORE,E2,Source__VVN539_Phase_2_publication
asset::small_molecules_to_antagonize_trpm7,source::https_patents.google.com_patent_cn118340775a_en,USES_SOURCE,E2,Source__VVN539_patent
scorecard::small_molecules_to_antagonize_trpm7_20260622,source::https_patents.google.com_patent_cn118340775a_en,SUPPORTS_SCORE,E2,Source__VVN539_patent
asset::small_molecules_to_antagonize_trpm7,source::https_rupress.org_jgp_article_156_1_e202313419_276399_analogs-of-fty720_995336bc,USES_SOURCE,E2,Source__JGP_FTY720_analogs_inhibit_TRPM7
scorecard::small_molecules_to_antagonize_trpm7_20260622,source::https_rupress.org_jgp_article_156_1_e202313419_276399_analogs-of-fty720_995336bc,SUPPORTS_SCORE,E2,Source__JGP_FTY720_analogs_inhibit_TRPM7
asset::small_molecules_to_antagonize_trpm7,source::https_pubmed.ncbi.nlm.nih.gov_37433006,USES_SOURCE,E2,Source__Science_Signaling_TRPM7_kinase_activity_and_amyloid-beta_degradation
scorecard::small_molecules_to_antagonize_trpm7_20260622,source::https_pubmed.ncbi.nlm.nih.gov_37433006,SUPPORTS_SCORE,E2,Source__Science_Signaling_TRPM7_kinase_activity_and_amyloid-beta_degradation
asset::small_molecules_to_antagonize_trpm7,source::https_www.cdc.gov_stroke_data-research_facts-stats_index.html,USES_SOURCE,E2,Source__CDC_Stroke_Facts
scorecard::small_molecules_to_antagonize_trpm7_20260622,source::https_www.cdc.gov_stroke_data-research_facts-stats_index.html,SUPPORTS_SCORE,E2,Source__CDC_Stroke_Facts
asset::small_molecules_to_antagonize_trpm7,source::https_www.stroke.org_en_about-stroke_types-of-stroke_ischemic-stroke-clots,USES_SOURCE,E2,Source__American_Stroke_Association_Ischemic_Stroke
scorecard::small_molecules_to_antagonize_trpm7_20260622,source::https_www.stroke.org_en_about-stroke_types-of-stroke_ischemic-stroke-clots,SUPPORTS_SCORE,E2,Source__American_Stroke_Association_Ischemic_Stroke
asset::small_molecules_to_antagonize_trpm7,source::https_www.cell.com_cell-reports_fulltext_s2211-1247%2824%2900436-4,USES_SOURCE,E2,Source__CCT128930_source
scorecard::small_molecules_to_antagonize_trpm7_20260622,source::https_www.cell.com_cell-reports_fulltext_s2211-1247%2824%2900436-4,SUPPORTS_SCORE,E2,Source__CCT128930_source
asset::small_molecules_to_antagonize_trpm7,source::https_synapse.patsnap.com_drug_fc93832996cf23becaadb14833e7a0a4,USES_SOURCE,E2,Source__Waixenicin_A_source
scorecard::small_molecules_to_antagonize_trpm7_20260622,source::https_synapse.patsnap.com_drug_fc93832996cf23becaadb14833e7a0a4,SUPPORTS_SCORE,E2,Source__Waixenicin_A_source
asset::small_molecules_to_antagonize_trpm7,source::https_www.mdpi.com_1422-0067_25_2_719,USES_SOURCE,E2,Source__https_www.mdpi.com_1422-0067_25_2_719
scorecard::small_molecules_to_antagonize_trpm7_20260622,source::https_www.mdpi.com_1422-0067_25_2_719,SUPPORTS_SCORE,E2,Source__https_www.mdpi.com_1422-0067_25_2_719
asset::small_molecules_to_antagonize_trpm7,source::https_www.ahajournals.org_doi_10.1161_strokeaha.116.015822,USES_SOURCE,E2,Source__https_www.ahajournals.org_doi_10.1161_STROKEAHA.116.015822
scorecard::small_molecules_to_antagonize_trpm7_20260622,source::https_www.ahajournals.org_doi_10.1161_strokeaha.116.015822,SUPPORTS_SCORE,E2,Source__https_www.ahajournals.org_doi_10.1161_STROKEAHA.116.015822
asset::hy209_nucerin,company::shaperon_inc,OWNED_BY,E3,Scorecard__HY209_NuCerin__20260622
asset::hy209_nucerin,target::gpcr19_tgr5_with_downstream_p2x7r-nlrp3_inflammasome_modulation,TARGETS,E3,Scorecard__HY209_NuCerin__20260622
asset::hy209_nucerin,"moa::hy209_tdca_activates_gpcr19_tgr5_and_modulates_gpcr19-p2x7_interaction,_4c969749",HAS_MOA,E3,Scorecard__HY209_NuCerin__20260622
asset::hy209_nucerin,modality::oral_small_molecule_gpcr19_tgr5_agonist_inflammasome_modulator,HAS_MODALITY,E3,Scorecard__HY209_NuCerin__20260622
asset::hy209_nucerin,indication::alzheimer’s_disease,HAS_INDICATION,E3,Scorecard__HY209_NuCerin__20260622
asset::hy209_nucerin,theme::neuroimmune,MAPS_TO_THEME,E3,Scorecard__HY209_NuCerin__20260622
asset::hy209_nucerin,cluster::cytokine_신경조절,MAPS_TO_CLUSTER,E3,Scorecard__HY209_NuCerin__20260622
asset::hy209_nucerin,scorecard::hy209_nucerin_20260622,HAS_SCORECARD,E3,Scorecard__HY209_NuCerin__20260622
asset::hy209_nucerin,competitor::eisai_biogen_bioarctic_leqembi_lecanemab,HAS_COMPETITOR,E3,Scorecard__HY209_NuCerin__20260622
asset::hy209_nucerin,competitor::eli_lilly_kisunla_donanemab,HAS_COMPETITOR,E3,Scorecard__HY209_NuCerin__20260622
asset::hy209_nucerin,competitor::nodthera_nt-0796,HAS_COMPETITOR,E3,Scorecard__HY209_NuCerin__20260622
asset::hy209_nucerin,competitor::ventyx_biosciences_vtx3232,HAS_COMPETITOR,E3,Scorecard__HY209_NuCerin__20260622
asset::hy209_nucerin,competitor::ventus_therapeutics_vent-02,HAS_COMPETITOR,E3,Scorecard__HY209_NuCerin__20260622
asset::hy209_nucerin,competitor::olatec_dapansutrile_olt1177,HAS_COMPETITOR,E3,Scorecard__HY209_NuCerin__20260622
asset::hy209_nucerin,source::https_shaperon.com_en_sub_pipeline.html,USES_SOURCE,E3,Source__Shaperon_official_pipeline_page
scorecard::hy209_nucerin_20260622,source::https_shaperon.com_en_sub_pipeline.html,SUPPORTS_SCORE,E3,Source__Shaperon_official_pipeline_page
asset::hy209_nucerin,source::https_shaperon.com_en_main_main.html,USES_SOURCE,E3,Source__Shaperon_official_homepage
scorecard::hy209_nucerin_20260622,source::https_shaperon.com_en_main_main.html,SUPPORTS_SCORE,E3,Source__Shaperon_official_homepage
asset::hy209_nucerin,source::https_www.frontiersin.org_journals_immunology_articles_10.3389_fimmu.20_fc7b5288,USES_SOURCE,E3,Source__Frontiers_Immunology_GPCR19_P2X7R_NLRP3_AD_mouse_paper
scorecard::hy209_nucerin_20260622,source::https_www.frontiersin.org_journals_immunology_articles_10.3389_fimmu.20_fc7b5288,SUPPORTS_SCORE,E3,Source__Frontiers_Immunology_GPCR19_P2X7R_NLRP3_AD_mouse_paper
asset::hy209_nucerin,source::https_www.centerwatch.com_clinical-trials_listings_nct06533878_evaluate_75da78f2,USES_SOURCE,E3,Source__NCT06533878_HY209_Phase_1_listing
scorecard::hy209_nucerin_20260622,source::https_www.centerwatch.com_clinical-trials_listings_nct06533878_evaluate_75da78f2,SUPPORTS_SCORE,E3,Source__NCT06533878_HY209_Phase_1_listing
asset::hy209_nucerin,source::https_app.rndcircle.io_lab_c061ff05-ac82-4bae-93f1-aa04115834c0_papers_aa7299bb,USES_SOURCE,E3,Source__NuCerin_oral_HY209_AD_mouse_abstract_summary
scorecard::hy209_nucerin_20260622,source::https_app.rndcircle.io_lab_c061ff05-ac82-4bae-93f1-aa04115834c0_papers_aa7299bb,SUPPORTS_SCORE,E3,Source__NuCerin_oral_HY209_AD_mouse_abstract_summary
asset::hy209_nucerin,source::https_englishdart.fss.or.kr_dsbc001_selectpopup.ax_selectkey=01387164,USES_SOURCE,E3,Source__DART_Shaperon_company_profile
scorecard::hy209_nucerin_20260622,source::https_englishdart.fss.or.kr_dsbc001_selectpopup.ax_selectkey=01387164,SUPPORTS_SCORE,E3,Source__DART_Shaperon_company_profile
asset::hy209_nucerin,source::https_www.bio.org_events_bio-international-convention_sessions_2420132,USES_SOURCE,E3,Source__BIO_company_profile
scorecard::hy209_nucerin_20260622,source::https_www.bio.org_events_bio-international-convention_sessions_2420132,SUPPORTS_SCORE,E3,Source__BIO_company_profile
asset::hy209_nucerin,source::https_www.who.int_news-room_fact-sheets_detail_dementia,USES_SOURCE,E3,Source__WHO_dementia_fact_sheet
scorecard::hy209_nucerin_20260622,source::https_www.who.int_news-room_fact-sheets_detail_dementia,SUPPORTS_SCORE,E3,Source__WHO_dementia_fact_sheet
asset::hy209_nucerin,source::https_www.alz.org_alzheimers-dementia_facts-figures,USES_SOURCE,E3,Source__Alzheimer's_Association_Facts_and_Figures
scorecard::hy209_nucerin_20260622,source::https_www.alz.org_alzheimers-dementia_facts-figures,SUPPORTS_SCORE,E3,Source__Alzheimer's_Association_Facts_and_Figures
asset::hy209_nucerin,source::https_www.fda.gov_news-events_press-announcements_fda-converts-novel-al_2dfaf7af,USES_SOURCE,E3,Source__FDA_Leqembi_approval
scorecard::hy209_nucerin_20260622,source::https_www.fda.gov_news-events_press-announcements_fda-converts-novel-al_2dfaf7af,SUPPORTS_SCORE,E3,Source__FDA_Leqembi_approval
asset::hy209_nucerin,source::https_www.fda.gov_drugs_news-events-human-drugs_fda-approves-treatment-_abbc72bc,USES_SOURCE,E3,Source__FDA_Kisunla_approval
scorecard::hy209_nucerin_20260622,source::https_www.fda.gov_drugs_news-events-human-drugs_fda-approves-treatment-_abbc72bc,SUPPORTS_SCORE,E3,Source__FDA_Kisunla_approval
asset::hy209_nucerin,source::https_www.nodthera.com_news_nodtheras-nlrp3-inhibitor-nt-0796-reverses-_4c6e96b7,USES_SOURCE,E3,Source__NT-0796_source
scorecard::hy209_nucerin_20260622,source::https_www.nodthera.com_news_nodtheras-nlrp3-inhibitor-nt-0796-reverses-_4c6e96b7,SUPPORTS_SCORE,E3,Source__NT-0796_source
asset::hy209_nucerin,source::https_clinicaltrials.gov_study_nct06556173,USES_SOURCE,E3,Source__VTX3232_source
scorecard::hy209_nucerin_20260622,source::https_clinicaltrials.gov_study_nct06556173,SUPPORTS_SCORE,E3,Source__VTX3232_source
asset::hy209_nucerin,source::https_www.ventustx.com_ventus-therapeutics-announces-first-patient-dose_15e90dd2,USES_SOURCE,E3,Source__VENT-02_source
scorecard::hy209_nucerin_20260622,source::https_www.ventustx.com_ventus-therapeutics-announces-first-patient-dose_15e90dd2,SUPPORTS_SCORE,E3,Source__VENT-02_source
asset::hy209_nucerin,source::https_www.frontiersin.org_journals_pharmacology_articles_10.3389_fphar._243e0656,USES_SOURCE,E3,Source__Dapansutrile_OLT1177_source
scorecard::hy209_nucerin_20260622,source::https_www.frontiersin.org_journals_pharmacology_articles_10.3389_fphar._243e0656,SUPPORTS_SCORE,E3,Source__Dapansutrile_OLT1177_source
asset::hy209_nucerin,source::https_hudsontherapeutics.com_inflammasome,USES_SOURCE,E3,Source__https_hudsontherapeutics.com_inflammasome
scorecard::hy209_nucerin_20260622,source::https_hudsontherapeutics.com_inflammasome,SUPPORTS_SCORE,E3,Source__https_hudsontherapeutics.com_inflammasome
asset::hy209_nucerin,source::https_www.frontiersin.org_journals_pharmacology_articles_10.3389_fphar._78cd83ed,USES_SOURCE,E3,Source__https_www.frontiersin.org_journals_pharmacology_articles_10.3389_fphar._78cd83ed
scorecard::hy209_nucerin_20260622,source::https_www.frontiersin.org_journals_pharmacology_articles_10.3389_fphar._78cd83ed,SUPPORTS_SCORE,E3,Source__https_www.frontiersin.org_journals_pharmacology_articles_10.3389_fphar._78cd83ed
asset::hy209_nucerin,source::https_www.alzdiscovery.org_uploads_cognitive_vitality_media_nlrp3_inhib_1c280093,USES_SOURCE,E3,Source__https_www.alzdiscovery.org_uploads_cognitive_vitality_media_NLRP3_Inhib_1c280093
scorecard::hy209_nucerin_20260622,source::https_www.alzdiscovery.org_uploads_cognitive_vitality_media_nlrp3_inhib_1c280093,SUPPORTS_SCORE,E3,Source__https_www.alzdiscovery.org_uploads_cognitive_vitality_media_NLRP3_Inhib_1c280093
asset::hy209_nucerin,source::https_www.mdpi.com_1422-0067_25_17_9279,USES_SOURCE,E3,Source__https_www.mdpi.com_1422-0067_25_17_9279
scorecard::hy209_nucerin_20260622,source::https_www.mdpi.com_1422-0067_25_17_9279,SUPPORTS_SCORE,E3,Source__https_www.mdpi.com_1422-0067_25_17_9279
asset::hy209_nucerin,source::https_pmc.ncbi.nlm.nih.gov_articles_pmc11212731,USES_SOURCE,E3,Source__https_pmc.ncbi.nlm.nih.gov_articles_PMC11212731
scorecard::hy209_nucerin_20260622,source::https_pmc.ncbi.nlm.nih.gov_articles_pmc11212731,SUPPORTS_SCORE,E3,Source__https_pmc.ncbi.nlm.nih.gov_articles_PMC11212731
asset::hy209_nucerin,source::https_doaj.org_article_89f6e0b19a8d46f9b3063ba13be1f0d1,USES_SOURCE,E3,Source__https_doaj.org_article_89f6e0b19a8d46f9b3063ba13be1f0d1
scorecard::hy209_nucerin_20260622,source::https_doaj.org_article_89f6e0b19a8d46f9b3063ba13be1f0d1,SUPPORTS_SCORE,E3,Source__https_doaj.org_article_89f6e0b19a8d46f9b3063ba13be1f0d1
asset::hy209_nucerin,source::https_www.bioworld.com_articles_518211-bridge-biotherapeutics-inks-30b-_dd0e8f4d,USES_SOURCE,E3,Source__https_www.bioworld.com_articles_518211-bridge-biotherapeutics-inks-30b-_dd0e8f4d
scorecard::hy209_nucerin_20260622,source::https_www.bioworld.com_articles_518211-bridge-biotherapeutics-inks-30b-_dd0e8f4d,SUPPORTS_SCORE,E3,Source__https_www.bioworld.com_articles_518211-bridge-biotherapeutics-inks-30b-_dd0e8f4d
asset::hy209_nucerin,source::https_link.springer.com_article_10.1186_s12974-021-02087-1,USES_SOURCE,E3,Source__https_link.springer.com_article_10.1186_s12974-021-02087-1
scorecard::hy209_nucerin_20260622,source::https_link.springer.com_article_10.1186_s12974-021-02087-1,SUPPORTS_SCORE,E3,Source__https_link.springer.com_article_10.1186_s12974-021-02087-1
asset::hy209_nucerin,source::https_www.eisai.com_news_2023_news202302.html,USES_SOURCE,E3,Source__https_www.eisai.com_news_2023_news202302.html
scorecard::hy209_nucerin_20260622,source::https_www.eisai.com_news_2023_news202302.html,SUPPORTS_SCORE,E3,Source__https_www.eisai.com_news_2023_news202302.html
asset::meta-01_meta-1i_mp-5342,company::meta_pharmaceuticals_inc,OWNED_BY,E2,Scorecard__META-01_META-1i_MP-5342__20260622
asset::meta-01_meta-1i_mp-5342,target::ldh_lactate_dehydrogenase;_likely_ldha-focused_but_isoform_selectivity_2955c872,TARGETS,E2,Scorecard__META-01_META-1i_MP-5342__20260622
asset::meta-01_meta-1i_mp-5342,moa::oral_small-molecule_ldh_inhibition_intended_to_modulate_immune-cell_glu_8049671b,HAS_MOA,E2,Scorecard__META-01_META-1i_MP-5342__20260622
asset::meta-01_meta-1i_mp-5342,modality::oral_small_molecule;_immunometabolism_platform;_ai-assisted_metabolic_p_ce1f0603,HAS_MODALITY,E2,Scorecard__META-01_META-1i_MP-5342__20260622
asset::meta-01_meta-1i_mp-5342,indication::lead_disclosed_indication_inflammatory_bowel_disease;_expansion_potenti_5e2ac79e,HAS_INDICATION,E2,Scorecard__META-01_META-1i_MP-5342__20260622
asset::meta-01_meta-1i_mp-5342,theme::neuroimmune,MAPS_TO_THEME,E2,Scorecard__META-01_META-1i_MP-5342__20260622
asset::meta-01_meta-1i_mp-5342,cluster::말초_면역기관_연결,MAPS_TO_CLUSTER,E2,Scorecard__META-01_META-1i_MP-5342__20260622
asset::meta-01_meta-1i_mp-5342,scorecard::meta-01_meta-1i_mp-5342_20260622,HAS_SCORECARD,E2,Scorecard__META-01_META-1i_MP-5342__20260622
asset::meta-01_meta-1i_mp-5342,competitor::abbvie_skyrizi_risankizumab,HAS_COMPETITOR,E2,Scorecard__META-01_META-1i_MP-5342__20260622
asset::meta-01_meta-1i_mp-5342,competitor::abbvie_rinvoq_upadacitinib,HAS_COMPETITOR,E2,Scorecard__META-01_META-1i_MP-5342__20260622
asset::meta-01_meta-1i_mp-5342,competitor::eli_lilly_omvoh_mirikizumab,HAS_COMPETITOR,E2,Scorecard__META-01_META-1i_MP-5342__20260622
asset::meta-01_meta-1i_mp-5342,competitor::takeda_entyvio_vedolizumab,HAS_COMPETITOR,E2,Scorecard__META-01_META-1i_MP-5342__20260622
asset::meta-01_meta-1i_mp-5342,competitor::merck_tulisokibart_mk-7240,HAS_COMPETITOR,E2,Scorecard__META-01_META-1i_MP-5342__20260622
asset::meta-01_meta-1i_mp-5342,competitor::sanofi_teva_duvakitug_tev-48574,HAS_COMPETITOR,E2,Scorecard__META-01_META-1i_MP-5342__20260622
asset::meta-01_meta-1i_mp-5342,competitor::roche_telavant_rvt-3101_afimkibart,HAS_COMPETITOR,E2,Scorecard__META-01_META-1i_MP-5342__20260622
asset::meta-01_meta-1i_mp-5342,competitor::academic_tool_compounds_fx11_gsk2837808a-type_ldha_inhibitors,HAS_COMPETITOR,E2,Scorecard__META-01_META-1i_MP-5342__20260622
asset::meta-01_meta-1i_mp-5342,source::https_en.metabiopharma.com,USES_SOURCE,E2,Source__META_Pharmaceuticals_official_homepage
scorecard::meta-01_meta-1i_mp-5342_20260622,source::https_en.metabiopharma.com,SUPPORTS_SCORE,E2,Source__META_Pharmaceuticals_official_homepage
asset::meta-01_meta-1i_mp-5342,source::https_en.metabiopharma.com_index.php_news,USES_SOURCE,E2,Source__META_Pharmaceuticals_official_news
scorecard::meta-01_meta-1i_mp-5342_20260622,source::https_en.metabiopharma.com_index.php_news,SUPPORTS_SCORE,E2,Source__META_Pharmaceuticals_official_news
asset::meta-01_meta-1i_mp-5342,source::https_metabiopharma.com,USES_SOURCE,E2,Source__META_Pharmaceuticals_Chinese_official_site
scorecard::meta-01_meta-1i_mp-5342_20260622,source::https_metabiopharma.com,SUPPORTS_SCORE,E2,Source__META_Pharmaceuticals_Chinese_official_site
asset::meta-01_meta-1i_mp-5342,source::https_synapse.patsnap.com_drug_7196b08c3c4b4dd3bbc0cd3292c675b0,USES_SOURCE,E2,Source__Synapse_META-01_profile
scorecard::meta-01_meta-1i_mp-5342_20260622,source::https_synapse.patsnap.com_drug_7196b08c3c4b4dd3bbc0cd3292c675b0,SUPPORTS_SCORE,E2,Source__Synapse_META-01_profile
asset::meta-01_meta-1i_mp-5342,source::https_www.prnewswire.com_apac_news-releases_xtalpi-holdings-announces-f_7598d997,USES_SOURCE,E2,Source__XtalPi_2025_annual_results
scorecard::meta-01_meta-1i_mp-5342_20260622,source::https_www.prnewswire.com_apac_news-releases_xtalpi-holdings-announces-f_7598d997,SUPPORTS_SCORE,E2,Source__XtalPi_2025_annual_results
asset::meta-01_meta-1i_mp-5342,source::https_pubmed.ncbi.nlm.nih.gov_27708054,USES_SOURCE,E2,Source__Science_2016_LDHA_T_helper_1_paper
scorecard::meta-01_meta-1i_mp-5342_20260622,source::https_pubmed.ncbi.nlm.nih.gov_27708054,SUPPORTS_SCORE,E2,Source__Science_2016_LDHA_T_helper_1_paper
asset::meta-01_meta-1i_mp-5342,source::https_pubmed.ncbi.nlm.nih.gov_33479154,USES_SOURCE,E2,Source__Science_2021_CD8_T-cell_LDHA_paper
scorecard::meta-01_meta-1i_mp-5342_20260622,source::https_pubmed.ncbi.nlm.nih.gov_33479154,SUPPORTS_SCORE,E2,Source__Science_2021_CD8_T-cell_LDHA_paper
asset::meta-01_meta-1i_mp-5342,source::https_pmc.ncbi.nlm.nih.gov_articles_pmc10069527,USES_SOURCE,E2,Source__Global_IBD_burden_paper
scorecard::meta-01_meta-1i_mp-5342_20260622,source::https_pmc.ncbi.nlm.nih.gov_articles_pmc10069527,SUPPORTS_SCORE,E2,Source__Global_IBD_burden_paper
asset::meta-01_meta-1i_mp-5342,source::https_en.metabiopharma.com_index.php_about,USES_SOURCE,E2,Source__META_Pharmaceuticals_About_page
scorecard::meta-01_meta-1i_mp-5342_20260622,source::https_en.metabiopharma.com_index.php_about,SUPPORTS_SCORE,E2,Source__META_Pharmaceuticals_About_page
asset::meta-01_meta-1i_mp-5342,source::https_www.hkstp.org_en_park-life_news-and-events_news_meta-pharm-inc-an_bd5ce4fb,USES_SOURCE,E2,Source__HKSTP_Series_A1_financing_news
scorecard::meta-01_meta-1i_mp-5342_20260622,source::https_www.hkstp.org_en_park-life_news-and-events_news_meta-pharm-inc-an_bd5ce4fb,SUPPORTS_SCORE,E2,Source__HKSTP_Series_A1_financing_news
asset::meta-01_meta-1i_mp-5342,source::https_synapse.patsnap.com_organization_beb5d2619a0c1fa0af931d10269fb4e4,USES_SOURCE,E2,Source__Synapse_Shenzhen_META_Pharmaceuticals_organization_profile
scorecard::meta-01_meta-1i_mp-5342_20260622,source::https_synapse.patsnap.com_organization_beb5d2619a0c1fa0af931d10269fb4e4,SUPPORTS_SCORE,E2,Source__Synapse_Shenzhen_META_Pharmaceuticals_organization_profile
asset::meta-01_meta-1i_mp-5342,source::https_adisinsight.springer.com_drugs_800074116,USES_SOURCE,E2,Source__AdisInsight_META_1i
scorecard::meta-01_meta-1i_mp-5342_20260622,source::https_adisinsight.springer.com_drugs_800074116,SUPPORTS_SCORE,E2,Source__AdisInsight_META_1i
asset::meta-01_meta-1i_mp-5342,source::https_pubmed.ncbi.nlm.nih.gov_33979589,USES_SOURCE,E2,Source__Immunity_2021_Th17_glycolysis_paper
scorecard::meta-01_meta-1i_mp-5342_20260622,source::https_pubmed.ncbi.nlm.nih.gov_33979589,SUPPORTS_SCORE,E2,Source__Immunity_2021_Th17_glycolysis_paper
asset::meta-01_meta-1i_mp-5342,source::https_www.cdc.gov_inflammatory-bowel-disease_php_facts-stats_index.html,USES_SOURCE,E2,Source__CDC_IBD_facts_and_stats
scorecard::meta-01_meta-1i_mp-5342_20260622,source::https_www.cdc.gov_inflammatory-bowel-disease_php_facts-stats_index.html,SUPPORTS_SCORE,E2,Source__CDC_IBD_facts_and_stats
asset::meta-01_meta-1i_mp-5342,source::https_news.abbvie.com_2024-06-18-u-s-fda-approves-skyrizi-r-risankizuma_56617c43,USES_SOURCE,E2,Source__Skyrizi_risankizumab_source
scorecard::meta-01_meta-1i_mp-5342_20260622,source::https_news.abbvie.com_2024-06-18-u-s-fda-approves-skyrizi-r-risankizuma_56617c43,SUPPORTS_SCORE,E2,Source__Skyrizi_risankizumab_source
asset::meta-01_meta-1i_mp-5342,source::https_news.abbvie.com_2025-10-13-u-s-food-and-drug-administration-fda-a_94c1c66c,USES_SOURCE,E2,Source__Rinvoq_upadacitinib_source
scorecard::meta-01_meta-1i_mp-5342_20260622,source::https_news.abbvie.com_2025-10-13-u-s-food-and-drug-administration-fda-a_94c1c66c,SUPPORTS_SCORE,E2,Source__Rinvoq_upadacitinib_source
asset::meta-01_meta-1i_mp-5342,source::https_www.prnewswire.com_news-releases_fda-approves-lillys-omvoh-miriki_bad9781b,USES_SOURCE,E2,Source__Omvoh_mirikizumab_source
scorecard::meta-01_meta-1i_mp-5342_20260622,source::https_www.prnewswire.com_news-releases_fda-approves-lillys-omvoh-miriki_bad9781b,SUPPORTS_SCORE,E2,Source__Omvoh_mirikizumab_source
asset::meta-01_meta-1i_mp-5342,source::https_www.takeda.com_newsroom_newsreleases_2024_fda-approves-subcutaneo_626609f9,USES_SOURCE,E2,Source__Entyvio_vedolizumab_source
scorecard::meta-01_meta-1i_mp-5342_20260622,source::https_www.takeda.com_newsroom_newsreleases_2024_fda-approves-subcutaneo_626609f9,SUPPORTS_SCORE,E2,Source__Entyvio_vedolizumab_source
asset::meta-01_meta-1i_mp-5342,source::https_www.merck.com_news_merck-to-present-new-long-term-data-for-tuliso_47bdd5f3,USES_SOURCE,E2,Source__Tulisokibart_MK-7240_source
scorecard::meta-01_meta-1i_mp-5342_20260622,source::https_www.merck.com_news_merck-to-present-new-long-term-data-for-tuliso_47bdd5f3,SUPPORTS_SCORE,E2,Source__Tulisokibart_MK-7240_source
asset::meta-01_meta-1i_mp-5342,source::https_www.sanofi.com_en_media-room_press-releases_2026_2026-02-17-11-00_04c36811,USES_SOURCE,E2,Source__Duvakitug_TEV-48574_source
scorecard::meta-01_meta-1i_mp-5342_20260622,source::https_www.sanofi.com_en_media-room_press-releases_2026_2026-02-17-11-00_04c36811,SUPPORTS_SCORE,E2,Source__Duvakitug_TEV-48574_source
asset::meta-01_meta-1i_mp-5342,source::https_www.roche.com_investors_updates_inv-update-2023-10-23,USES_SOURCE,E2,Source__RVT-3101_afimkibart_source
scorecard::meta-01_meta-1i_mp-5342_20260622,source::https_www.roche.com_investors_updates_inv-update-2023-10-23,SUPPORTS_SCORE,E2,Source__RVT-3101_afimkibart_source
asset::meta-01_meta-1i_mp-5342,source::https_pubmed.ncbi.nlm.nih.gov_32602217,USES_SOURCE,E2,Source__FX11_GSK2837808A-type_LDHA_inhibitors_source
scorecard::meta-01_meta-1i_mp-5342_20260622,source::https_pubmed.ncbi.nlm.nih.gov_32602217,SUPPORTS_SCORE,E2,Source__FX11_GSK2837808A-type_LDHA_inhibitors_source
asset::meta-01_meta-1i_mp-5342,source::https_pmc.ncbi.nlm.nih.gov_articles_pmc8913504,USES_SOURCE,E2,Source__https_pmc.ncbi.nlm.nih.gov_articles_PMC8913504
scorecard::meta-01_meta-1i_mp-5342_20260622,source::https_pmc.ncbi.nlm.nih.gov_articles_pmc8913504,SUPPORTS_SCORE,E2,Source__https_pmc.ncbi.nlm.nih.gov_articles_PMC8913504
asset::meta-01_meta-1i_mp-5342,source::https_pmc.ncbi.nlm.nih.gov_articles_pmc10799425,USES_SOURCE,E2,Source__https_pmc.ncbi.nlm.nih.gov_articles_PMC10799425
scorecard::meta-01_meta-1i_mp-5342_20260622,source::https_pmc.ncbi.nlm.nih.gov_articles_pmc10799425,SUPPORTS_SCORE,E2,Source__https_pmc.ncbi.nlm.nih.gov_articles_PMC10799425
asset::meta-01_meta-1i_mp-5342,source::https_en.metabiopharma.com_index.php_science,USES_SOURCE,E2,Source__https_en.metabiopharma.com_index.php_science
scorecard::meta-01_meta-1i_mp-5342_20260622,source::https_en.metabiopharma.com_index.php_science,SUPPORTS_SCORE,E2,Source__https_en.metabiopharma.com_index.php_science
asset::meta-01_meta-1i_mp-5342,source::https_www.vcbeathealth.com_article_4398,USES_SOURCE,E2,Source__https_www.vcbeathealth.com_article_4398
scorecard::meta-01_meta-1i_mp-5342_20260622,source::https_www.vcbeathealth.com_article_4398,SUPPORTS_SCORE,E2,Source__https_www.vcbeathealth.com_article_4398
asset::meta-01_meta-1i_mp-5342,source::https_www.prnewswire.com_news-releases_meta-pharmaceuticals-announces-f_11d397f9,USES_SOURCE,E2,Source__https_www.prnewswire.com_news-releases_meta-pharmaceuticals-announces-f_11d397f9
scorecard::meta-01_meta-1i_mp-5342_20260622,source::https_www.prnewswire.com_news-releases_meta-pharmaceuticals-announces-f_11d397f9,SUPPORTS_SCORE,E2,Source__https_www.prnewswire.com_news-releases_meta-pharmaceuticals-announces-f_11d397f9
asset::meta-01_meta-1i_mp-5342,source::https_www.rinvoq.com_cost,USES_SOURCE,E2,Source__https_www.rinvoq.com_cost
scorecard::meta-01_meta-1i_mp-5342_20260622,source::https_www.rinvoq.com_cost,SUPPORTS_SCORE,E2,Source__https_www.rinvoq.com_cost
asset::meta-01_meta-1i_mp-5342,source::https_www.skyrizi.com_ulcerative-colitis_cost-and-savings,USES_SOURCE,E2,Source__https_www.skyrizi.com_ulcerative-colitis_cost-and-savings
scorecard::meta-01_meta-1i_mp-5342_20260622,source::https_www.skyrizi.com_ulcerative-colitis_cost-and-savings,SUPPORTS_SCORE,E2,Source__https_www.skyrizi.com_ulcerative-colitis_cost-and-savings
asset::meta-01_meta-1i_mp-5342,source::https_icer.org_news-insights_press-releases_icer-publishes-final-report_8763a14b,USES_SOURCE,E2,Source__https_icer.org_news-insights_press-releases_icer-publishes-final-report_8763a14b
scorecard::meta-01_meta-1i_mp-5342_20260622,source::https_icer.org_news-insights_press-releases_icer-publishes-final-report_8763a14b,SUPPORTS_SCORE,E2,Source__https_icer.org_news-insights_press-releases_icer-publishes-final-report_8763a14b
asset::ns-041,company::neushen_therapeutics,OWNED_BY,E4,Scorecard__NS-041__20260623
asset::ns-041,target::kcnq2_3_(kv7.2_kv7.3),TARGETS,E4,Scorecard__NS-041__20260623
asset::ns-041,"moa::selective_kcnq2_3_activator;_modulates_m-current,_hyperpolarizes_neuron_889f7860",HAS_MOA,E4,Scorecard__NS-041__20260623
asset::ns-041,modality::oral_small-molecule_tablet;_neushen_small-molecule_cns_discovery_platform,HAS_MODALITY,E4,Scorecard__NS-041__20260623
asset::ns-041,indication::focal_onset_seizure;_major_depressive_disorder;_pain,HAS_INDICATION,E4,Scorecard__NS-041__20260623
asset::ns-041,theme::e_i_balance,MAPS_TO_THEME,E4,Scorecard__NS-041__20260623
asset::ns-041,cluster::ion_channel,MAPS_TO_CLUSTER,E4,Scorecard__NS-041__20260623
asset::ns-041,scorecard::ns-041_20260623,HAS_SCORECARD,E4,Scorecard__NS-041__20260623
asset::ns-041,competitor::xenon_pharmaceuticals_azetukalner_xen1101,HAS_COMPETITOR,E4,Scorecard__NS-041__20260623
asset::ns-041,competitor::biohaven_opakalim_bhv-7000,HAS_COMPETITOR,E4,Scorecard__NS-041__20260623
asset::ns-041,competitor::gsk_valeant_historical_retigabine_ezogabine_potiga_trobalt,HAS_COMPETITOR,E4,Scorecard__NS-041__20260623
asset::ns-041,competitor::quralis_qrl-101,HAS_COMPETITOR,E4,Scorecard__NS-041__20260623
asset::ns-041,competitor::saniona_jazz_pharmaceuticals_san2355,HAS_COMPETITOR,E4,Scorecard__NS-041__20260623
asset::ns-041,competitor::praxis_precision_medicines_prax-628,HAS_COMPETITOR,E4,Scorecard__NS-041__20260623
asset::ns-041,competitor::sk_life_science_sk_biopharmaceuticals_cenobamate_xcopri,HAS_COMPETITOR,E4,Scorecard__NS-041__20260623
asset::ns-041,source::https_www.neushen.com_news_2024_neushen-therapeutics-granted-nmpa-cde-i_17f201b3,USES_SOURCE,E4,Source__NeuShen_NS-041_NMPA_CDE_IND_approval
scorecard::ns-041_20260623,source::https_www.neushen.com_news_2024_neushen-therapeutics-granted-nmpa-cde-i_17f201b3,SUPPORTS_SCORE,E4,Source__NeuShen_NS-041_NMPA_CDE_IND_approval
asset::ns-041,source::https_www.neushen.com_our-pipeline.html,USES_SOURCE,E4,Source__NeuShen_pipeline
scorecard::ns-041_20260623,source::https_www.neushen.com_our-pipeline.html,SUPPORTS_SCORE,E4,Source__NeuShen_pipeline
asset::ns-041,source::https_www.neushen.com_news_2023_neushen-therapeutics-announces-poster-p_8287ae4c,USES_SOURCE,E4,Source__NeuShen_ACS_Fall_2023_poster
scorecard::ns-041_20260623,source::https_www.neushen.com_news_2023_neushen-therapeutics-announces-poster-p_8287ae4c,SUPPORTS_SCORE,E4,Source__NeuShen_ACS_Fall_2023_poster
asset::ns-041,source::https_www.hkexnews.hk_listedco_listconews_sehk_2025_1221_2025122100017.pdf,USES_SOURCE,E4,Source__HKEX_Livzon_depression_clinical_trial_approval
scorecard::ns-041_20260623,source::https_www.hkexnews.hk_listedco_listconews_sehk_2025_1221_2025122100017.pdf,SUPPORTS_SCORE,E4,Source__HKEX_Livzon_depression_clinical_trial_approval
asset::ns-041,source::https_en.livzon.com.cn_news_1028.html,USES_SOURCE,E4,Source__Livzon_Phase_I_completion
scorecard::ns-041_20260623,source::https_en.livzon.com.cn_news_1028.html,SUPPORTS_SCORE,E4,Source__Livzon_Phase_I_completion
asset::ns-041,source::https_www.neushen.com_company.html,USES_SOURCE,E4,Source__NeuShen_company_page
scorecard::ns-041_20260623,source::https_www.neushen.com_company.html,SUPPORTS_SCORE,E4,Source__NeuShen_company_page
asset::ns-041,source::https_www.chinadrugtrials.org.cn_clinicaltrials.searchlist.dhtml_keywor_8402ee62,USES_SOURCE,E4,Source__China_Drug_Trials_CTR20251874
scorecard::ns-041_20260623,source::https_www.chinadrugtrials.org.cn_clinicaltrials.searchlist.dhtml_keywor_8402ee62,SUPPORTS_SCORE,E4,Source__China_Drug_Trials_CTR20251874
asset::ns-041,source::https_www.chinadrugtrials.org.cn_clinicaltrials.searchlist.dhtml_keywor_3bfec74b,USES_SOURCE,E4,Source__China_Drug_Trials_CTR20253838
scorecard::ns-041_20260623,source::https_www.chinadrugtrials.org.cn_clinicaltrials.searchlist.dhtml_keywor_3bfec74b,SUPPORTS_SCORE,E4,Source__China_Drug_Trials_CTR20253838
asset::ns-041,source::https_jamanetwork.com_journals_jamaneurology_fullarticle_2809938,USES_SOURCE,E4,Source__JAMA_Neurology_XEN1101_epilepsy
scorecard::ns-041_20260623,source::https_jamanetwork.com_journals_jamaneurology_fullarticle_2809938,SUPPORTS_SCORE,E4,Source__JAMA_Neurology_XEN1101_epilepsy
asset::ns-041,source::https_jamanetwork.com_journals_jamanetworkopen_fullarticle_2834419,USES_SOURCE,E4,Source__JAMA_Network_Open_azetukalner_MDD
scorecard::ns-041_20260623,source::https_jamanetwork.com_journals_jamanetworkopen_fullarticle_2834419,SUPPORTS_SCORE,E4,Source__JAMA_Network_Open_azetukalner_MDD
asset::ns-041,source::https_investor.xenon-pharma.com_news-releases_news-release-details_xeno_dfccb5d1,USES_SOURCE,E4,Source__Xenon_Phase_3_azetukalner_PR
scorecard::ns-041_20260623,source::https_investor.xenon-pharma.com_news-releases_news-release-details_xeno_dfccb5d1,SUPPORTS_SCORE,E4,Source__Xenon_Phase_3_azetukalner_PR
asset::ns-041,source::https_www.biohaven.com_pipeline_innovation-engine_kv7,USES_SOURCE,E4,Source__Biohaven_Kv7_pipeline
scorecard::ns-041_20260623,source::https_www.biohaven.com_pipeline_innovation-engine_kv7,SUPPORTS_SCORE,E4,Source__Biohaven_Kv7_pipeline
asset::ns-041,source::https_www.who.int_news-room_fact-sheets_detail_epilepsy,USES_SOURCE,E4,Source__WHO_epilepsy_fact_sheet
scorecard::ns-041_20260623,source::https_www.who.int_news-room_fact-sheets_detail_epilepsy,SUPPORTS_SCORE,E4,Source__WHO_epilepsy_fact_sheet
asset::ns-041,source::https_www.sklifescienceinc.com_pdf_sklsi_connecticut_prescriber_disclos_5d011039,USES_SOURCE,E4,Source__SK_Life_Science_XCOPRI_WAC_disclosure
scorecard::ns-041_20260623,source::https_www.sklifescienceinc.com_pdf_sklsi_connecticut_prescriber_disclos_5d011039,SUPPORTS_SCORE,E4,Source__SK_Life_Science_XCOPRI_WAC_disclosure
asset::ns-041,source::https_www.accessdata.fda.gov_drugsatfda_docs_label_2013_022345s006lbl.pdf,USES_SOURCE,E4,Source__Retigabine_Ezogabine_Potiga_Trobalt_source
scorecard::ns-041_20260623,source::https_www.accessdata.fda.gov_drugsatfda_docs_label_2013_022345s006lbl.pdf,SUPPORTS_SCORE,E4,Source__Retigabine_Ezogabine_Potiga_Trobalt_source
asset::ns-041,source::https_www.quralis.com_news_quralis-announces-expansion-of-its-selective_9729cd1f,USES_SOURCE,E4,Source__QRL-101_source
scorecard::ns-041_20260623,source::https_www.quralis.com_news_quralis-announces-expansion-of-its-selective_9729cd1f,SUPPORTS_SCORE,E4,Source__QRL-101_source
asset::ns-041,source::https_www.bioworld.com_articles_723481-jazz-gains-rights-to-sanionas-san-2355,USES_SOURCE,E4,Source__SAN2355_source
scorecard::ns-041_20260623,source::https_www.bioworld.com_articles_723481-jazz-gains-rights-to-sanionas-san-2355,SUPPORTS_SCORE,E4,Source__SAN2355_source
asset::ns-041,source::https_ir.praxismedicines.com_news-releases_news-release-details_praxis-_54863f5e,USES_SOURCE,E4,Source__PRAX-628_source
scorecard::ns-041_20260623,source::https_ir.praxismedicines.com_news-releases_news-release-details_praxis-_54863f5e,SUPPORTS_SCORE,E4,Source__PRAX-628_source
asset::ns-041,source::https_www.neushen.com_news_2023_neushen-therapeutics-announces-nmpa-cde_495859f0,USES_SOURCE,E4,Source__https_www.neushen.com_news_2023_neushen-therapeutics-announces-nmpa-cde_495859f0
scorecard::ns-041_20260623,source::https_www.neushen.com_news_2023_neushen-therapeutics-announces-nmpa-cde_495859f0,SUPPORTS_SCORE,E4,Source__https_www.neushen.com_news_2023_neushen-therapeutics-announces-nmpa-cde_495859f0
asset::ns-041,source::https_www.prnewswire.com_news-releases_biohaven-reports-new-clinical-da_fced1f21,USES_SOURCE,E4,Source__https_www.prnewswire.com_news-releases_biohaven-reports-new-clinical-da_fced1f21
scorecard::ns-041_20260623,source::https_www.prnewswire.com_news-releases_biohaven-reports-new-clinical-da_fced1f21,SUPPORTS_SCORE,E4,Source__https_www.prnewswire.com_news-releases_biohaven-reports-new-clinical-da_fced1f21
asset::ns-041,source::https_www.gsk.com_en-gb_media_press-releases_gsk-and-valeant-receive-eu_0732d64c,USES_SOURCE,E4,Source__https_www.gsk.com_en-gb_media_press-releases_gsk-and-valeant-receive-eu_0732d64c
scorecard::ns-041_20260623,source::https_www.gsk.com_en-gb_media_press-releases_gsk-and-valeant-receive-eu_0732d64c,SUPPORTS_SCORE,E4,Source__https_www.gsk.com_en-gb_media_press-releases_gsk-and-valeant-receive-eu_0732d64c
asset::ns-041,source::https_www.ilae.org_files_dmfile_gsk_retigabinetrobalt-reminder.pdf,USES_SOURCE,E4,Source__https_www.ilae.org_files_dmfile_GSK_RetigabineTrobalt-Reminder.pdf
scorecard::ns-041_20260623,source::https_www.ilae.org_files_dmfile_gsk_retigabinetrobalt-reminder.pdf,SUPPORTS_SCORE,E4,Source__https_www.ilae.org_files_dmfile_GSK_RetigabineTrobalt-Reminder.pdf
asset::ns-041,source::https_mfn.se_a_saniona_saniona-provides-update-on-major-progress-for-san2355,USES_SOURCE,E4,Source__https_mfn.se_a_saniona_saniona-provides-update-on-major-progress-for-san2355
scorecard::ns-041_20260623,source::https_mfn.se_a_saniona_saniona-provides-update-on-major-progress-for-san2355,SUPPORTS_SCORE,E4,Source__https_mfn.se_a_saniona_saniona-provides-update-on-major-progress-for-san2355
asset::ns-041,source::https_www.neushen.com_news_2026_neushen-therapeutics-announces-completi_523a0bb1,USES_SOURCE,E4,Source__https_www.neushen.com_news_2026_neushen-therapeutics-announces-completi_523a0bb1
scorecard::ns-041_20260623,source::https_www.neushen.com_news_2026_neushen-therapeutics-announces-completi_523a0bb1,SUPPORTS_SCORE,E4,Source__https_www.neushen.com_news_2026_neushen-therapeutics-announces-completi_523a0bb1
asset::ns-041,source::https_synapse.patsnap.com_drug_ffa60f392516470c92875b9236e91c4e,USES_SOURCE,E4,Source__https_synapse.patsnap.com_drug_ffa60f392516470c92875b9236e91c4e
scorecard::ns-041_20260623,source::https_synapse.patsnap.com_drug_ffa60f392516470c92875b9236e91c4e,SUPPORTS_SCORE,E4,Source__https_synapse.patsnap.com_drug_ffa60f392516470c92875b9236e91c4e
asset::ns-041,source::https_pmc.ncbi.nlm.nih.gov_articles_pmc1071497,USES_SOURCE,E4,Source__https_pmc.ncbi.nlm.nih.gov_articles_PMC1071497
scorecard::ns-041_20260623,source::https_pmc.ncbi.nlm.nih.gov_articles_pmc1071497,SUPPORTS_SCORE,E4,Source__https_pmc.ncbi.nlm.nih.gov_articles_PMC1071497
asset::ns-041,source::https_securities.miraeasset.com_bbs_download_2108666.pdf_attachmentid=2108666,USES_SOURCE,E4,Source__https_securities.miraeasset.com_bbs_download_2108666.pdf_attachmentId=2108666
scorecard::ns-041_20260623,source::https_securities.miraeasset.com_bbs_download_2108666.pdf_attachmentid=2108666,SUPPORTS_SCORE,E4,Source__https_securities.miraeasset.com_bbs_download_2108666.pdf_attachmentId=2108666
